{
  "Custom Directory" : "Recycle",
  "Tags" : [

  ],
  "Ansi 12 Color" : {
    "Green Component" : 0.62352943420410156,
    "Red Component" : 0.44705882668495178,
    "Blue Component" : 0.81176471710205078
  },
  "Ansi 7 Color" : {
    "Green Component" : 0.84313726425170898,
    "Red Component" : 0.82745099067687988,
    "Blue Component" : 0.81176471710205078
  },
  "Ansi 8 Color" : {
    "Green Component" : 0.34117648005485535,
    "Red Component" : 0.3333333432674408,
    "Blue Component" : 0.32549020648002625
  },
  "Bold Color" : {
    "Green Component" : 0.93333333730697632,
    "Red Component" : 0.93333333730697632,
    "Blue Component" : 0.92549020051956177
  },
  "Ansi 9 Color" : {
    "Green Component" : 0.16078431904315948,
    "Red Component" : 0.93725490570068359,
    "Blue Component" : 0.16078431904315948
  },
  "Right Option Key Sends" : 0,
  "Ansi 6 Color" : {
    "Green Component" : 0.59607845544815063,
    "Red Component" : 0.023529412224888802,
    "Blue Component" : 0.60392159223556519
  },
  "Rows" : 45,
  "Default Bookmark" : "No",
  "Cursor Guide Color" : {
    "Red Component" : 0.70214027166366577,
    "Color Space" : "sRGB",
    "Blue Component" : 1,
    "Alpha Component" : 0.25,
    "Green Component" : 0.92681378126144409
  },
  "Non-ASCII Anti Aliased" : true,
  "Use Bright Bold" : true,
  "Ansi 10 Color" : {
    "Green Component" : 0.88627451658248901,
    "Red Component" : 0.54117649793624878,
    "Blue Component" : 0.20392157137393951
  },
  "Ambiguous Double Width" : false,
  "Jobs to Ignore" : [
    "rlogin",
    "ssh",
    "slogin",
    "telnet"
  ],
  "Show Status Bar" : true,
  "Ansi 15 Color" : {
    "Green Component" : 0.93333333730697632,
    "Red Component" : 0.93333333730697632,
    "Blue Component" : 0.92549020051956177
  },
  "Foreground Color" : {
    "Green Component" : 0.93333333730697632,
    "Red Component" : 0.93333333730697632,
    "Blue Component" : 0.92549020051956177
  },
  "Working Directory" : "\/Users\/saurabhchopra",
  "Blinking Cursor" : false,
  "Disable Window Resizing" : true,
  "Sync Title" : false,
  "Prompt Before Closing 2" : false,
  "BM Growl" : true,
  "Command" : "\/bin\/bash",
  "Description" : "Default",
  "Mouse Reporting" : true,
  "Screen" : -2,
  "Selection Color" : {
    "Green Component" : 0.8353000283241272,
    "Red Component" : 0.70980000495910645,
    "Blue Component" : 1
  },
  "Initial Use Transparency" : false,
  "Columns" : 95,
  "Idle Code" : 0,
  "Ansi 13 Color" : {
    "Green Component" : 0.49803921580314636,
    "Red Component" : 0.67843139171600342,
    "Blue Component" : 0.65882354974746704
  },
  "Custom Command" : "Custom Shell",
  "Use Custom Window Title" : false,
  "ASCII Anti Aliased" : true,
  "Non Ascii Font" : "Monaco 12",
  "Vertical Spacing" : 1,
  "Use Bold Font" : true,
  "Option Key Sends" : 0,
  "Selected Text Color" : {
    "Green Component" : 0,
    "Red Component" : 0,
    "Blue Component" : 0
  },
  "Background Color" : {
    "Green Component" : 0.039215687662363052,
    "Red Component" : 0.18823529779911041,
    "Blue Component" : 0.14117647707462311
  },
  "Character Encoding" : 4,
  "Ansi 11 Color" : {
    "Green Component" : 0.91372549533843994,
    "Red Component" : 0.98823529481887817,
    "Blue Component" : 0.30980393290519714
  },
  "Use Italic Font" : true,
  "Unlimited Scrollback" : true,
  "Keyboard Map" : {
    "0x33-0x200000-0x0" : {
      "Version" : 0,
      "Action" : 12,
      "Text" : "3",
      "Label" : ""
    },
    "0x2f-0x200000-0x0" : {
      "Version" : 0,
      "Action" : 12,
      "Text" : "\/",
      "Label" : ""
    },
    "0x3-0x200000-0x0" : {
      "Version" : 0,
      "Action" : 11,
      "Text" : "0xd",
      "Label" : ""
    },
    "0x38-0x200000-0x0" : {
      "Version" : 0,
      "Action" : 12,
      "Text" : "8",
      "Label" : ""
    },
    "0xf728-0x80000-0x0" : {
      "Version" : 0,
      "Action" : 10,
      "Text" : "d",
      "Label" : ""
    },
    "0xf70e-0x20000-0x0" : {
      "Version" : 0,
      "Action" : 10,
      "Text" : "[23;2~",
      "Label" : ""
    },
    "0xf701-0x220000-0x0" : {
      "Version" : 0,
      "Action" : 10,
      "Text" : "[1;2B",
      "Label" : ""
    },
    "0x32-0x40000-0x0" : {
      "Version" : 0,
      "Action" : 11,
      "Text" : "0x00",
      "Label" : ""
    },
    "0xf700-0x240000-0x0" : {
      "Version" : 0,
      "Action" : 10,
      "Text" : "[1;5A",
      "Label" : ""
    },
    "0xf703-0x220000-0x0" : {
      "Version" : 0,
      "Action" : 10,
      "Text" : "[1;2C",
      "Label" : ""
    },
    "0xf70b-0x20000-0x0" : {
      "Version" : 0,
      "Action" : 10,
      "Text" : "[19;2~",
      "Label" : ""
    },
    "0xf702-0x240000-0x0" : {
      "Version" : 0,
      "Action" : 10,
      "Text" : "[1;5D",
      "Label" : ""
    },
    "0xf701-0x260000-0x0" : {
      "Version" : 0,
      "Action" : 10,
      "Text" : "[1;6B",
      "Label" : ""
    },
    "0xf72b-0x40000-0x0" : {
      "Version" : 0,
      "Action" : 10,
      "Text" : "[1;5F",
      "Label" : ""
    },
    "0xf703-0x260000-0x0" : {
      "Version" : 0,
      "Action" : 10,
      "Text" : "[1;6C",
      "Label" : ""
    },
    "0x31-0x200000-0x0" : {
      "Version" : 0,
      "Action" : 12,
      "Text" : "1",
      "Label" : ""
    },
    "0xf702-0x280000-0x0" : {
      "Version" : 0,
      "Action" : 10,
      "Text" : "b",
      "Label" : ""
    },
    "0x2d-0x200000-0x0" : {
      "Version" : 0,
      "Action" : 12,
      "Text" : "-",
      "Label" : ""
    },
    "0xf709-0x20000-0x0" : {
      "Version" : 0,
      "Action" : 10,
      "Text" : "[17;2~",
      "Label" : ""
    },
    "0x36-0x200000-0x0" : {
      "Version" : 0,
      "Action" : 12,
      "Text" : "6",
      "Label" : ""
    },
    "0xf706-0x20000-0x0" : {
      "Version" : 0,
      "Action" : 10,
      "Text" : "[1;2R",
      "Label" : ""
    },
    "0x36-0x40000-0x0" : {
      "Version" : 0,
      "Action" : 11,
      "Text" : "0x1e",
      "Label" : ""
    },
    "0xf729-0x40000-0x0" : {
      "Version" : 0,
      "Action" : 10,
      "Text" : "[1;5H",
      "Label" : ""
    },
    "0x2d-0x40000-0x0" : {
      "Version" : 0,
      "Action" : 11,
      "Text" : "0x1f",
      "Label" : ""
    },
    "0xf702-0x300000-0x0" : {
      "Version" : 0,
      "Action" : 11,
      "Text" : "0x1",
      "Label" : ""
    },
    "0x7f-0x80000-0x0" : {
      "Version" : 0,
      "Action" : 11,
      "Text" : "0x1b 0x7f",
      "Label" : ""
    },
    "0x33-0x40000-0x0" : {
      "Version" : 0,
      "Action" : 11,
      "Text" : "0x1b",
      "Label" : ""
    },
    "0x2b-0x200000-0x0" : {
      "Version" : 0,
      "Action" : 12,
      "Text" : "+",
      "Label" : ""
    },
    "0x34-0x200000-0x0" : {
      "Version" : 0,
      "Action" : 12,
      "Text" : "4",
      "Label" : ""
    },
    "0xf70d-0x20000-0x0" : {
      "Version" : 0,
      "Action" : 10,
      "Text" : "[21;2~",
      "Label" : ""
    },
    "0xf72b-0x20000-0x0" : {
      "Version" : 0,
      "Action" : 10,
      "Text" : "[1;2F",
      "Label" : ""
    },
    "0x39-0x200000-0x0" : {
      "Version" : 0,
      "Action" : 12,
      "Text" : "9",
      "Label" : ""
    },
    "0xf70a-0x20000-0x0" : {
      "Version" : 0,
      "Action" : 10,
      "Text" : "[18;2~",
      "Label" : ""
    },
    "0x37-0x40000-0x0" : {
      "Version" : 0,
      "Action" : 11,
      "Text" : "0x1f",
      "Label" : ""
    },
    "0xf708-0x20000-0x0" : {
      "Version" : 0,
      "Action" : 10,
      "Text" : "[15;2~",
      "Label" : ""
    },
    "0xf729-0x20000-0x0" : {
      "Version" : 0,
      "Action" : 10,
      "Text" : "[1;2H",
      "Label" : ""
    },
    "0xf700-0x220000-0x0" : {
      "Version" : 0,
      "Action" : 10,
      "Text" : "[1;2A",
      "Label" : ""
    },
    "0xf705-0x20000-0x0" : {
      "Version" : 0,
      "Action" : 10,
      "Text" : "[1;2Q",
      "Label" : ""
    },
    "0xf702-0x220000-0x0" : {
      "Version" : 0,